Date,Day,Forecast_Sales,Actual_Sales,Diff_Amount,Error_Pct,Peak_Hour,Sug_BOH,Need_BOH,Sug_FOH,Need_FOH
2024-01-01,Mon,16628.69,16256.02,-372.67,2.29,18,9,10,4,6
2024-01-02,Tue,14729.58,15207.26,477.68,3.14,20,6,7,4,4
2024-01-03,Wed,14463.96,15605.09,1141.13,7.31,18,7,11,5,6
2024-01-04,Thu,14702.39,16089.87,1387.48,8.62,19,7,9,4,5
2024-01-05,Fri,19204.15,21009.88,1805.73,8.59,19,8,12,5,6
2024-01-06,Sat,23374.08,22433.53,-940.55,4.19,17,10,11,5,6
2024-01-07,Sun,19901.42,15630.54,-4270.88,27.32,17,10,11,5,5
2024-01-08,Mon,13306.96,13172.35,-134.61,1.02,18,7,7,4,4
2024-01-09,Tue,12924.21,13995.13,1070.92,7.65,19,6,7,4,4
2024-01-10,Wed,13329.79,13374.91,45.12,0.34,18,7,7,4,4
2024-01-11,Thu,14205.18,15053.25,848.07,5.63,19,6,9,4,5
2024-01-12,Fri,20009.60,19603.05,-406.55,2.07,19,10,10,6,5
2024-01-13,Sat,21862.25,20039.12,-1823.13,9.10,18,10,11,6,6
2024-01-14,Sun,18943.50,18120.01,-823.49,4.54,19,9,11,5,6
2024-01-15,Mon,13127.93,14410.36,1282.43,8.90,18,5,7,3,4
2024-01-16,Tue,13255.43,12799.89,-455.54,3.56,18,6,6,4,4
2024-01-17,Wed,12557.22,12895.39,338.17,2.62,21,5,6,4,5
2024-01-18,Thu,14325.41,15264.13,938.72,6.15,20,6,9,4,5
2024-01-19,Fri,20473.78,20129.10,-344.68,1.71,19,10,10,6,6
2024-01-20,Sat,20415.33,21295.93,880.60,4.14,18,8,11,5,5
2024-01-21,Sun,17587.90,18254.62,666.72,3.65,18,9,10,5,5
2024-01-22,Mon,12674.48,11913.54,-760.94,6.39,17,5,7,3,5
2024-01-23,Tue,13086.21,13404.31,318.10,2.37,19,7,7,5,5
2024-01-24,Wed,12961.97,13352.82,390.85,2.93,19,7,8,4,5
2024-01-25,Thu,14038.89,15689.95,1651.06,10.52,19,7,9,5,5
2024-01-26,Fri,20561.87,20337.98,-223.89,1.10,18,9,11,5,6
2024-01-27,Sat,21906.53,23288.46,1381.93,5.93,18,10,12,6,5
2024-01-28,Sun,18174.85,18893.29,718.44,3.80,19,9,9,6,5
2024-01-29,Mon,12640.71,12488.29,-152.42,1.22,18,5,7,4,4
2024-01-30,Tue,13898.19,14071.37,173.18,1.23,19,7,8,4,5
2024-01-31,Wed,13567.55,13679.45,111.90,0.82,18,6,7,4,4
2024-02-01,Thu,14825.74,14383.66,-442.08,3.07,18,6,8,4,5
2024-02-02,Fri,20806.69,20899.03,92.34,0.44,20,9,11,5,6
2024-02-03,Sat,23059.49,21142.11,-1917.38,9.07,19,11,10,6,6
2024-02-04,Sun,19027.00,17345.54,-1681.46,9.69,18,10,10,6,5
2024-02-05,Mon,12628.84,12795.02,166.18,1.30,18,6,8,4,4
2024-02-06,Tue,12719.26,14632.01,1912.75,13.07,20,5,7,4,5
2024-02-07,Wed,12137.43,15776.15,3638.72,23.06,19,5,8,3,5
2024-02-08,Thu,15383.72,16974.74,1591.02,9.37,18,7,10,4,6
2024-02-09,Fri,21511.93,20594.30,-917.63,4.46,19,8,11,5,6
2024-02-10,Sat,22465.67,24717.64,2251.97,9.11,19,10,12,6,6
2024-02-11,Sun,16160.34,17132.93,972.59,5.68,18,7,9,4,5
2024-02-12,Mon,13572.05,13518.55,-53.50,0.40,19,8,7,5,4
2024-02-13,Tue,13159.73,14238.84,1079.11,7.58,19,7,7,5,4
2024-02-14,Wed,14106.25,15592.05,1485.80,9.53,19,8,10,4,5
2024-02-15,Thu,14104.59,15402.61,1298.02,8.43,18,7,8,4,5
2024-02-16,Fri,20854.08,19566.72,-1287.36,6.58,19,11,9,6,5
2024-02-17,Sat,22238.77,21790.72,-448.05,2.06,18,9,12,5,6
2024-02-18,Sun,18941.81,20520.27,1578.46,7.69,19,10,10,6,6
2024-02-19,Mon,13047.85,14973.39,1925.54,12.86,19,7,9,4,5
2024-02-20,Tue,12989.54,14165.42,1175.88,8.30,18,7,7,4,5
2024-02-21,Wed,13337.74,14911.82,1574.08,10.56,19,7,7,5,4
2024-02-22,Thu,14488.69,16707.34,2218.65,13.28,18,7,8,4,5
2024-02-23,Fri,19314.16,19143.69,-170.47,0.89,19,8,9,5,6
2024-02-24,Sat,23799.44,25324.36,1524.92,6.02,19,11,13,6,7
2024-02-25,Sun,20274.35,20132.83,-141.52,0.70,19,11,11,6,6
2024-02-26,Mon,12942.23,13953.73,1011.50,7.25,19,6,9,4,5
2024-02-27,Tue,14187.86,14134.35,-53.51,0.38,21,5,7,4,5
2024-02-28,Wed,13403.14,14762.66,1359.52,9.21,19,7,7,5,4
2024-02-29,Thu,15596.18,15249.48,-346.70,2.27,19,7,9,5,5
2024-03-01,Fri,18819.09,18935.23,116.14,0.61,19,8,10,5,5
2024-03-02,Sat,23038.22,22895.84,-142.38,0.62,19,10,10,6,6
2024-03-03,Sun,19334.40,21697.54,2363.15,10.89,19,9,12,5,6
2024-03-04,Mon,7074.09,14032.24,6958.15,49.59,19,4,7,3,4
2024-03-05,Tue,14090.81,15322.37,1231.56,8.04,18,8,7,5,5
2024-03-06,Wed,12596.27,13107.11,510.84,3.90,20,6,8,4,5
2024-03-07,Thu,15252.26,15766.48,514.22,3.26,18,8,9,4,5
2024-03-08,Fri,17346.80,17816.39,469.59,2.64,20,7,9,5,5
2024-03-09,Sat,22102.34,22385.52,283.18,1.27,19,9,9,5,5
2024-03-10,Sun,19724.68,20796.64,1071.96,5.15,19,10,11,5,6
2024-03-10,Sun,19724.68,20796.64,1071.96,5.15,19,10,11,5,6
2024-03-11,Mon,12750.30,12884.83,134.53,1.04,21,6,6,4,4
2024-03-12,Tue,12369.84,13315.18,945.34,7.10,20,6,7,4,4
2024-03-13,Wed,13217.06,14280.62,1063.56,7.45,20,7,7,5,5
2024-03-14,Thu,15097.17,16126.89,1029.72,6.39,20,7,8,5,4
2024-03-15,Fri,19390.23,19751.24,361.01,1.83,21,9,10,6,6
2024-03-16,Sat,23524.14,23409.47,-114.67,0.49,20,9,11,5,6
2024-03-17,Sun,20211.22,18464.46,-1746.76,9.46,19,10,9,5,5
2024-03-18,Mon,13207.44,12533.75,-673.69,5.37,20,6,6,4,4
2024-03-19,Tue,13693.86,14267.14,573.27,4.02,21,5,8,4,5
2024-03-20,Wed,13831.76,13655.29,-176.47,1.29,19,7,7,4,4
2024-03-21,Thu,15498.26,14967.59,-530.67,3.55,19,7,8,4,4
2024-03-22,Fri,19397.00,18937.50,-459.50,2.43,21,8,9,5,5
2024-03-23,Sat,23728.41,21566.22,-2162.19,10.03,22,9,10,6,6
2024-03-24,Sun,19083.05,21723.81,2640.76,12.16,20,10,12,6,7
2024-03-25,Mon,13221.53,13928.84,707.31,5.08,21,6,7,4,5
2024-03-26,Tue,13965.33,14462.91,497.58,3.44,21,6,8,4,4
2024-03-27,Wed,12934.39,14607.89,1673.50,11.46,21,6,8,4,5
2024-03-28,Thu,14949.76,15249.21,299.44,1.96,20,6,8,4,5
2024-03-29,Fri,0.00,362.07,362.07,100.00,11,0,1,0,1
2024-03-30,Sat,23327.15,25534.25,2207.10,8.64,21,10,12,6,7
2024-03-31,Sun,17024.19,19761.65,2737.46,13.85,20,8,10,5,5
2024-04-01,Mon,13346.59,13255.92,-90.67,0.68,21,6,6,4,0
2024-04-02,Tue,13117.41,14798.14,1680.73,11.36,18,6,8,4,0
2024-04-03,Wed,14379.62,14900.93,521.31,3.50,20,7,7,5,0
2024-04-04,Thu,15665.74,15657.75,-7.99,0.05,17,4,8,3,0
2024-04-05,Fri,21044.19,21346.86,302.67,1.42,20,10,12,5,0
2024-04-06,Sat,23847.34,22538.77,-1308.57,5.81,21,10,11,6,0
2024-04-07,Sun,19092.70,19167.87,75.17,0.39,20,9,10,5,0
2024-04-08,Mon,12929.64,12712.64,-217.00,1.71,20,6,6,4,0
2024-04-09,Tue,12899.80,14138.77,1238.97,8.76,21,6,9,4,0
2024-04-10,Wed,13991.14,14139.74,148.60,1.05,20,7,8,4,0
2024-04-11,Thu,14798.68,15482.84,684.16,4.42,21,6,9,4,0
2024-04-12,Fri,12921.52,21005.84,8084.32,38.49,20,6,11,4,0
2024-04-13,Sat,22945.49,22608.08,-337.41,1.49,20,9,12,5,0
2024-04-14,Sun,18443.85,20052.52,1608.67,8.02,19,9,10,5,0
2024-04-15,Mon,12209.33,13321.69,1112.36,8.35,20,6,7,4,0
2024-04-16,Tue,13510.11,15695.34,2185.23,13.92,21,7,9,5,0
2024-04-17,Wed,12723.62,13759.93,1036.31,7.53,13,4,7,3,0
2024-04-18,Thu,13961.64,15441.29,1479.65,9.58,21,6,7,4,0
2024-04-19,Fri,20723.27,20649.99,-73.28,0.35,21,10,11,6,0
2024-04-20,Sat,21382.16,21451.96,69.80,0.33,20,9,8,5,0
2024-04-21,Sun,19275.98,18605.26,-670.72,3.61,18,8,10,5,0
2024-04-22,Mon,13025.92,11380.63,-1645.29,14.46,19,6,6,4,0
2024-04-23,Tue,13026.02,14184.51,1158.49,8.17,20,6,8,4,0
2024-04-24,Wed,12135.12,14651.92,2516.80,17.18,20,6,8,4,0
2024-04-25,Thu,14906.90,15767.45,860.55,5.46,19,7,7,5,0
2024-04-26,Fri,21230.67,20028.82,-1201.85,6.00,20,10,9,6,0
2024-04-27,Sat,21438.02,21656.93,218.91,1.01,21,9,10,6,0
2024-04-28,Sun,19846.24,19109.12,-737.12,3.86,19,9,10,5,0
2024-04-29,Mon,12773.93,13251.35,477.42,3.60,21,6,8,4,0
2024-04-30,Tue,13774.24,13251.96,-522.28,3.94,20,6,7,4,0
2024-05-01,Wed,14050.16,13607.57,-442.59,3.25,21,6,6,4,0
2024-05-02,Thu,15429.62,15047.37,-382.25,2.54,21,7,7,5,0
2024-05-03,Fri,22269.77,20391.74,-1878.03,9.21,21,11,10,7,0
2024-05-04,Sat,21641.96,21623.27,-18.69,0.09,18,7,10,4,0
2024-05-05,Sun,21273.54,26743.85,5470.31,20.45,18,8,14,5,0
2024-05-06,Mon,11856.48,12852.11,995.64,7.75,21,6,6,4,0
2024-05-07,Tue,13866.78,14881.75,1014.97,6.82,19,6,7,4,0
2024-05-08,Wed,13786.77,13971.88,185.11,1.32,22,7,8,5,0
2024-05-09,Thu,13922.53,16663.21,2740.68,16.45,21,6,9,4,0
2024-05-10,Fri,20531.58,20981.66,450.08,2.15,21,10,10,6,0
2024-05-11,Sat,22587.89,20844.20,-1743.69,8.37,20,10,10,6,0
2024-05-12,Sun,17048.88,16797.81,-251.07,1.49,19,9,8,5,0
2024-05-13,Mon,12437.11,12516.03,78.92,0.63,21,6,6,4,0
2024-05-14,Tue,12667.83,13550.43,882.60,6.51,20,5,7,4,0
2024-05-15,Wed,13055.34,13872.65,817.31,5.89,21,6,8,4,0
2024-05-16,Thu,13971.62,15788.87,1817.25,11.51,22,5,8,4,0
2024-05-17,Fri,20076.72,21303.96,1227.24,5.76,22,7,11,5,0
2024-05-18,Sat,22598.72,22593.26,-5.46,0.02,21,9,11,5,0
2024-05-19,Sun,19096.48,18977.10,-119.38,0.63,19,7,8,5,0
2024-05-20,Mon,12414.46,12318.63,-95.83,0.78,20,5,7,4,0
2024-05-21,Tue,13441.15,13939.58,498.43,3.58,22,6,8,4,0
2024-05-22,Wed,13510.74,13911.09,400.35,2.88,21,7,7,5,0
2024-05-23,Thu,14163.79,15977.37,1813.58,11.35,20,7,8,4,0
2024-05-24,Fri,20124.01,21344.87,1220.86,5.72,21,11,12,6,0
2024-05-25,Sat,23166.10,21661.47,-1504.63,6.95,20,9,11,5,0
2024-05-26,Sun,18321.97,17838.25,-483.72,2.71,22,7,9,5,0
2024-05-27,Mon,14102.49,15895.43,1792.94,11.28,20,7,9,4,0
2024-05-28,Tue,12348.66,12677.23,328.57,2.59,21,5,6,4,0
2024-05-29,Wed,13410.01,13982.17,572.16,4.09,20,5,8,4,0
2024-05-30,Thu,14147.47,15199.58,1052.11,6.92,21,7,8,4,0
2024-05-31,Fri,19826.33,21414.06,1587.73,7.41,21,10,12,6,0
2024-06-01,Sat,23465.97,21853.02,-1612.95,7.38,22,10,11,6,0
2024-06-02,Sun,19126.38,21083.27,1956.90,9.28,21,9,11,6,0
2024-06-03,Mon,13114.64,13623.95,509.31,3.74,21,5,6,4,0
2024-06-04,Tue,13666.02,12184.56,-1481.46,12.16,18,6,6,4,0
2024-06-05,Wed,13744.41,14441.86,697.45,4.83,19,6,8,4,0
2024-06-06,Thu,15800.28,16167.91,367.63,2.27,22,7,7,4,0
2024-06-07,Fri,20022.37,21198.03,1175.66,5.55,21,9,11,6,0
2024-06-08,Sat,20621.62,23373.91,2752.29,11.78,20,7,10,4,0
2024-06-09,Sun,18393.70,19244.36,850.66,4.42,21,8,10,5,0
2024-06-10,Mon,12315.02,13877.35,1562.33,11.26,20,6,6,4,0
2024-06-11,Tue,13521.64,14144.52,622.88,4.40,21,6,6,4,0
2024-06-12,Wed,12853.26,13935.61,1082.35,7.77,21,7,8,5,0
2024-06-13,Thu,14540.48,16323.15,1782.67,10.92,21,7,9,5,0
2024-06-14,Fri,20690.84,21569.91,879.07,4.08,21,10,11,6,0
2024-06-15,Sat,21812.53,21782.96,-29.57,0.14,22,10,9,6,0
2024-06-16,Sun,14927.05,15539.42,612.37,3.94,22,6,8,4,0
2024-06-17,Mon,12234.74,12072.64,-162.10,1.34,22,6,7,4,0
2024-06-18,Tue,12783.62,13835.84,1052.22,7.61,22,5,7,4,0
2024-06-19,Wed,12973.28,14402.35,1429.07,9.92,21,7,8,5,0
2024-06-20,Thu,14825.33,15288.56,463.23,3.03,22,6,7,4,0
2024-06-21,Fri,20217.51,20212.85,-4.66,0.02,21,10,12,6,0
2024-06-22,Sat,21771.63,24102.10,2330.47,9.67,21,10,12,6,0
2024-06-23,Sun,20068.40,19369.65,-698.75,3.61,21,11,9,6,0
2024-06-24,Mon,12824.80,14245.01,1420.21,9.97,20,5,7,4,0
2024-06-25,Tue,13866.81,15338.68,1471.87,9.60,21,7,8,5,0
2024-06-26,Wed,14045.33,16069.24,2023.91,12.59,21,7,10,5,0
2024-06-27,Thu,15555.27,18281.53,2726.26,14.91,21,7,9,5,0
2024-06-28,Fri,21741.18,22195.25,454.07,2.05,22,11,12,7,0
2024-06-29,Sat,22628.97,22398.18,-230.79,1.03,21,8,11,5,0
2024-06-30,Sun,18700.12,19308.47,608.35,3.15,21,9,10,5,0
2024-07-01,Mon,15729.95,14062.65,-1667.30,11.86,21,8,7,5,0
2024-07-02,Tue,12760.01,16652.77,3892.76,23.38,21,6,9,4,0
2024-07-03,Wed,13415.40,20037.10,6621.69,33.05,22,6,11,3,0
2024-07-04,Thu,11582.50,17967.24,6384.74,35.54,23,6,10,4,0
2024-07-05,Fri,20127.42,19704.21,-423.21,2.15,22,9,11,6,0
2024-07-06,Sat,21391.02,21686.16,295.14,1.36,23,8,10,5,0
2024-07-07,Sun,18652.44,20856.44,2204.00,10.57,20,8,11,5,0
2024-07-08,Mon,12846.63,14108.94,1262.31,8.95,21,7,7,5,0
2024-07-09,Tue,14039.42,14562.55,523.13,3.59,21,7,8,5,0
2024-07-10,Wed,13428.21,14740.78,1312.57,8.90,21,8,7,5,0
2024-07-11,Thu,15106.90,16606.54,1499.64,9.03,20,8,9,5,0
2024-07-12,Fri,21298.62,21313.58,14.97,0.07,20,10,10,6,0
2024-07-13,Sat,23237.89,23116.21,-121.68,0.53,23,9,10,6,0
2024-07-14,Sun,18870.39,19488.37,617.98,3.17,20,10,10,6,0
2024-07-15,Mon,13303.00,13521.66,218.66,1.62,21,7,8,5,0
2024-07-16,Tue,14285.21,14659.38,374.17,2.55,20,7,8,5,0
2024-07-17,Wed,13177.32,13597.01,419.69,3.09,19,5,6,3,0
2024-07-18,Thu,16598.57,17285.21,686.64,3.97,21,8,8,5,0
2024-07-19,Fri,19991.57,22465.09,2473.52,11.01,21,9,13,6,0
2024-07-20,Sat,22941.13,23326.10,384.97,1.65,22,10,11,6,0
2024-07-21,Sun,19144.55,20420.95,1276.40,6.25,20,9,11,5,0
2024-07-22,Mon,13902.21,13852.17,-50.04,0.36,19,5,7,3,0
2024-07-23,Tue,13848.97,14915.23,1066.26,7.15,21,7,7,5,0
2024-07-24,Wed,14901.41,15420.20,518.79,3.36,21,7,9,5,0
2024-07-25,Thu,15901.25,17109.61,1208.36,7.06,22,7,8,5,0
2024-07-26,Fri,21262.50,23244.42,1981.92,8.53,22,9,12,6,0
2024-07-27,Sat,22723.74,21711.49,-1012.25,4.66,20,9,9,6,0
2024-07-28,Sun,20562.21,20426.06,-136.15,0.67,21,11,10,6,0
2024-07-29,Mon,13737.57,12945.13,-792.44,6.12,20,6,7,4,0
2024-07-30,Tue,14401.15,13662.34,-738.81,5.41,21,6,8,5,0
2024-07-31,Wed,15323.37,14189.14,-1134.23,7.99,20,7,7,4,0
2024-08-01,Thu,16365.22,17455.96,1090.74,6.25,21,8,10,5,0
2024-08-02,Fri,20731.64,22299.90,1568.26,7.03,21,10,12,6,0
2024-08-03,Sat,23154.91,24624.97,1470.06,5.97,21,10,11,7,0
2024-08-04,Sun,19939.46,22057.35,2117.89,9.60,21,9,10,6,0
2024-08-05,Mon,14218.91,13716.72,-502.19,3.66,21,7,7,5,0
2024-08-06,Tue,13980.16,15235.83,1255.67,8.24,21,6,9,4,0
2024-08-07,Wed,14473.34,15445.45,972.11,6.29,21,6,7,4,0
2024-08-08,Thu,15958.46,16157.59,199.13,1.23,20,7,8,4,0
2024-08-09,Fri,21869.32,23261.98,1392.66,5.99,21,10,12,6,0
2024-08-10,Sat,23667.12,22507.42,-1159.70,5.15,20,10,10,6,0
2024-08-11,Sun,20213.16,20932.43,719.27,3.44,20,9,11,5,0
2024-08-12,Mon,13053.82,13525.67,471.85,3.49,20,6,6,4,0
2024-08-13,Tue,14337.21,15002.64,665.43,4.44,21,6,8,4,0
2024-08-14,Wed,13417.63,12519.88,-897.75,7.17,21,7,6,4,0
2024-08-15,Thu,15139.72,13571.80,-1567.92,11.55,20,7,6,4,0
2024-08-16,Fri,20910.09,19993.86,-916.23,4.58,21,9,12,5,0
2024-08-17,Sat,22964.31,23346.89,382.58,1.64,21,10,11,6,0
2024-08-18,Sun,18070.17,19167.91,1097.74,5.73,20,9,12,5,0
2024-08-19,Mon,12700.71,12224.86,-475.85,3.89,21,6,7,4,0
2024-08-20,Tue,14011.16,13450.51,-560.65,4.17,21,6,7,4,0
2024-08-21,Wed,13806.08,13598.89,-207.19,1.52,23,5,7,4,0
2024-08-22,Thu,15422.23,15304.62,-117.61,0.77,20,7,8,4,0
2024-08-23,Fri,22013.43,20305.07,-1708.36,8.41,21,10,11,6,0
2024-08-24,Sat,23004.06,23253.77,249.71,1.07,21,10,13,6,0
2024-08-25,Sun,19185.97,19670.39,484.42,2.46,13,6,10,4,0
2024-08-26,Mon,13348.73,12879.05,-469.68,3.65,21,5,6,4,0
2024-08-27,Tue,14182.68,15140.46,957.78,6.33,21,6,8,4,0
2024-08-28,Wed,14479.06,13571.53,-907.53,6.69,20,7,7,4,0
2024-08-29,Thu,17027.03,15482.82,-1544.21,9.97,20,8,9,5,0
2024-08-30,Fri,23649.53,20458.60,-3190.93,15.60,21,12,11,6,0
2024-08-31,Sat,22987.66,22668.57,-319.09,1.41,21,11,11,6,0
2024-09-01,Sun,20823.55,19408.26,-1415.29,7.29,22,9,11,5,0
2024-09-02,Mon,14282.23,15244.19,961.96,6.31,18,6,8,3,0
2024-09-03,Tue,13572.93,13301.09,-271.84,2.04,22,5,6,4,0
2024-09-04,Wed,13765.48,14102.09,336.61,2.39,20,6,9,4,0
2024-09-05,Thu,15572.30,15263.96,-308.34,2.02,19,6,8,4,0
2024-09-06,Fri,14543.40,22139.88,7596.48,34.31,21,6,11,4,0
2024-09-07,Sat,22841.75,22799.64,-42.11,0.18,20,9,12,5,0
2024-09-08,Sun,20486.88,21055.02,568.14,2.70,20,11,10,6,0
2024-09-09,Mon,12509.01,13177.52,668.51,5.07,20,6,7,4,0
2024-09-10,Tue,14381.32,13524.10,-857.22,6.34,21,7,7,5,0
2024-09-11,Wed,13671.07,14500.07,829.00,5.72,20,7,8,5,0
2024-09-12,Thu,16552.28,14423.63,-2128.65,14.76,20,8,6,5,0
2024-09-13,Fri,23141.29,21476.57,-1664.72,7.75,21,12,11,7,0
2024-09-14,Sat,23850.05,22358.34,-1491.71,6.67,19,9,10,5,0
2024-09-15,Sun,20420.94,22281.04,1860.10,8.35,19,10,13,6,0
2024-09-16,Mon,17025.00,12140.48,-4884.52,40.23,19,7,7,4,0
2024-09-17,Tue,13844.45,12899.88,-944.57,7.32,20,6,7,4,0
2024-09-18,Wed,13868.55,11724.08,-2144.47,18.29,20,6,6,4,0
2024-09-19,Thu,16180.28,14357.52,-1822.76,12.70,19,7,8,4,0
2024-09-20,Fri,22648.34,19313.27,-3335.07,17.27,19,10,10,6,0
2024-09-21,Sat,24046.60,21341.47,-2705.13,12.68,20,11,10,6,0
2024-09-22,Sun,20408.38,18927.25,-1481.13,7.83,19,11,10,6,0
2024-09-23,Mon,13376.93,12280.77,-1096.16,8.93,21,6,6,4,0
2024-09-24,Tue,14332.32,13002.05,-1330.27,10.23,19,8,7,5,0
2024-09-25,Wed,13764.69,12239.49,-1525.20,12.46,19,7,7,5,0
2024-09-26,Thu,15094.77,15043.44,-51.33,0.34,20,8,8,5,0
2024-09-27,Fri,21980.33,18647.08,-3333.24,17.88,19,9,11,5,0
2024-09-28,Sat,23357.71,21575.70,-1782.01,8.26,19,8,11,5,0
2024-09-29,Sun,20615.66,18193.43,-2422.23,13.31,19,11,13,6,0
2024-09-30,Mon,13480.43,12519.23,-961.20,7.68,19,7,7,4,0
2024-10-01,Tue,14454.13,14102.94,-351.18,2.49,19,7,7,5,0
2024-10-02,Wed,14317.95,13602.80,-715.15,5.26,19,8,7,4,0
2024-10-03,Thu,15644.31,15768.75,124.44,0.79,19,7,9,4,0
2024-10-04,Fri,19565.82,20860.62,1294.80,6.21,20,9,9,6,0
2024-10-05,Sat,24485.28,22440.49,-2044.79,9.11,20,10,11,6,0
2024-10-06,Sun,19462.18,18771.03,-691.15,3.68,19,9,11,5,0
2024-10-07,Mon,13409.87,13511.70,101.83,0.75,20,6,7,4,0
2024-10-08,Tue,13411.13,13481.12,69.99,0.52,19,8,7,5,0
2024-10-09,Wed,13944.54,13231.21,-713.33,5.39,18,7,7,4,0
2024-10-10,Thu,16454.91,16300.31,-154.60,0.95,19,8,9,5,0
2024-10-11,Fri,22802.65,18920.16,-3882.49,20.52,21,11,10,6,0
2024-10-12,Sat,24095.57,22131.11,-1964.46,8.88,18,9,11,5,0
2024-10-13,Sun,19944.51,17792.56,-2151.95,12.09,19,11,9,6,0
2024-10-14,Mon,13197.54,11996.26,-1201.28,10.01,19,6,7,4,0
2024-10-15,Tue,14166.35,12026.76,-2139.59,17.79,19,8,7,5,0
2024-10-16,Wed,14796.13,12816.05,-1980.08,15.45,19,7,8,4,0
2024-10-17,Thu,16699.57,14732.85,-1966.72,13.35,19,8,8,5,0
2024-10-18,Fri,22693.95,20638.10,-2055.85,9.96,19,10,10,6,0
2024-10-19,Sat,19809.55,22091.22,2281.67,10.33,20,7,9,4,0
2024-10-20,Sun,20471.18,19172.02,-1299.16,6.78,18,10,10,5,0
2024-10-21,Mon,13594.03,12510.11,-1083.92,8.66,19,7,6,5,0
2024-10-22,Tue,13913.77,12779.65,-1134.13,8.87,19,7,8,5,0
2024-10-23,Wed,14407.43,12778.22,-1629.21,12.75,19,8,7,5,0
2024-10-24,Thu,16559.91,15809.14,-750.77,4.75,19,9,9,5,0
2024-10-25,Fri,22295.20,21138.48,-1156.72,5.47,19,10,12,5,0
2024-10-26,Sat,24156.85,23069.30,-1087.56,4.71,18,9,10,5,0
2024-10-27,Sun,21938.00,18629.74,-3308.26,17.76,19,12,10,6,0
2024-10-28,Mon,15197.26,12066.43,-3130.83,25.95,18,6,6,4,0
2024-10-29,Tue,17198.99,13703.71,-3495.28,25.51,18,8,7,5,0
2024-10-30,Wed,14747.13,12607.02,-2140.10,16.98,19,8,6,5,0
2024-10-31,Thu,18415.59,20280.80,1865.21,9.20,21,13,13,6,0
2024-11-01,Fri,22959.60,21839.44,-1120.17,5.13,19,11,11,6,0
2024-11-02,Sat,23271.17,22442.73,-828.44,3.69,17,9,10,5,0
2024-11-04,Mon,13552.93,12374.73,-1178.20,9.52,20,5,6,4,0
2024-11-05,Tue,14669.86,13270.82,-1399.04,10.54,18,7,8,5,0
2024-11-06,Wed,14091.25,13847.06,-244.19,1.76,22,5,7,3,0
2024-11-07,Thu,16475.84,15608.52,-867.32,5.56,18,8,9,5,0
2024-11-08,Fri,21382.00,20670.29,-711.71,3.44,19,11,10,6,0
2024-11-09,Sat,22483.83,22163.77,-320.06,1.44,18,10,10,5,0
2024-11-10,Sun,19992.68,19778.98,-213.70,1.08,17,10,9,6,0
2024-11-11,Mon,13815.79,13829.84,14.05,0.10,18,7,6,4,0
2024-11-12,Tue,14462.17,13687.83,-774.34,5.66,19,7,8,5,0
2024-11-13,Wed,13744.39,13240.16,-504.23,3.81,19,6,8,4,0
2024-11-14,Thu,16138.24,14442.40,-1695.84,11.74,19,7,7,4,0
2024-11-15,Fri,22820.23,20827.46,-1992.77,9.57,18,11,11,6,0
2024-11-16,Sat,23710.52,22558.29,-1152.23,5.11,18,10,10,6,0
2024-11-17,Sun,20494.60,19372.04,-1122.56,5.79,17,8,10,5,0
2024-11-18,Mon,15545.43,12954.58,-2590.85,20.00,18,8,6,5,0
2024-11-19,Tue,16786.96,10977.14,-5809.82,52.93,19,8,7,5,0
2024-11-20,Wed,19610.78,13418.47,-6192.31,46.15,18,9,7,5,0
2024-11-21,Thu,6400.31,15595.48,9195.17,58.96,19,0,8,0,0
2024-11-22,Fri,16078.86,20994.10,4915.24,23.41,17,7,10,4,0
2024-11-23,Sat,23122.65,14696.83,-8425.82,57.33,18,10,12,5,0
2024-11-24,Sun,20194.28,19985.20,-209.08,1.05,18,10,12,6,0
2024-11-25,Mon,13957.90,13144.53,-813.37,6.19,20,5,6,4,0
2024-11-26,Tue,14401.96,15712.74,1310.78,8.34,21,6,8,4,0
2024-11-27,Wed,13608.96,18789.72,5180.76,27.57,0,4,10,3,0
2024-11-28,Thu,6120.98,6239.89,118.91,1.91,13,5,7,3,0
2024-11-29,Fri,22447.20,15443.28,-7003.92,45.35,17,8,8,5,0
2024-11-30,Sat,25525.81,21270.60,-4255.21,20.01,18,10,10,5,0
2024-12-01,Sun,18971.38,19970.87,999.49,5.00,17,9,11,5,0
2024-12-02,Mon,13595.08,12883.85,-711.23,5.52,19,6,7,4,0
2024-12-03,Tue,14504.94,14291.45,-213.49,1.49,18,7,8,5,0
2024-12-04,Wed,14879.93,13827.16,-1052.77,7.61,19,8,7,4,0
2024-12-05,Thu,16033.59,14783.25,-1250.34,8.46,19,8,9,5,0
2024-12-06,Fri,22665.13,23208.23,543.10,2.34,22,8,11,5,0
2024-12-07,Sat,25194.63,23101.35,-2093.28,9.06,20,11,12,6,0
2024-12-08,Sun,20822.53,20322.62,-499.91,2.46,17,12,11,6,0
2024-12-09,Mon,9946.36,13594.87,3648.51,26.84,19,5,7,3,0
2024-12-10,Tue,15029.69,15258.19,228.50,1.50,15,4,8,3,0
2024-12-11,Wed,14776.57,14963.85,187.28,1.25,19,8,8,5,0
2024-12-12,Thu,16070.89,18164.96,2094.07,11.53,20,7,9,5,0
2024-12-13,Fri,22858.23,20321.75,-2536.48,12.48,21,9,10,5,0
2024-12-14,Sat,22170.88,23371.46,1200.58,5.14,19,10,10,6,0
2024-12-15,Sun,21428.02,20268.41,-1159.61,5.72,18,11,13,6,0
2024-12-16,Mon,15614.50,13247.00,-2367.50,17.87,17,6,6,4,0
2024-12-17,Tue,15943.21,13936.04,-2007.17,14.40,19,7,7,5,0
2024-12-18,Wed,15941.34,15026.62,-914.72,6.09,18,8,9,5,0
2024-12-19,Thu,18995.40,17870.43,-1124.97,6.30,21,8,9,5,0
2024-12-20,Fri,20670.09,21289.77,619.68,2.91,18,8,12,5,0
2024-12-21,Sat,16685.61,22035.42,5349.81,24.28,19,6,10,4,0
2024-12-22,Sun,9905.53,21838.13,11932.60,54.64,17,3,12,2,0
2024-12-23,Mon,23417.25,18720.21,-4697.04,25.09,18,9,10,5,0
2024-12-24,Tue,4986.45,6730.55,1744.10,25.91,12,5,7,3,0
2024-12-25,Wed,0.00,0.00,0.00,0.00,19,0,0,0,0
2024-12-26,Thu,17137.13,15686.70,-1450.43,9.25,18,8,9,5,0
2024-12-27,Fri,19426.04,18052.12,-1373.92,7.61,18,8,9,5,0
2024-12-28,Sat,15834.24,21150.11,5315.87,25.13,19,7,10,4,0
2024-12-29,Sun,13399.81,19394.32,5994.51,30.91,17,5,11,3,0
2024-12-30,Mon,20960.21,15660.03,-5300.18,33.85,20,9,7,5,0
2024-12-31,Tue,5466.21,6261.41,795.20,12.70,13,4,8,3,0
2025-01-01,Wed,16183.23,18292.66,2109.43,11.53,19,9,10,4,0
2025-01-02,Thu,15338.09,14807.42,-530.67,3.58,21,6,7,4,0
2025-01-03,Fri,20070.05,18843.00,-1227.05,6.51,18,9,11,5,0
2025-01-04,Sat,22897.08,19727.89,-3169.19,16.06,18,9,10,5,0
2025-01-05,Sun,17732.75,18844.86,1112.11,5.90,18,11,9,6,0
2025-01-06,Mon,13256.87,12526.29,-730.58,5.83,12,5,6,4,0
2025-01-07,Tue,13392.38,13241.14,-151.24,1.14,18,6,6,4,0
2025-01-08,Wed,13323.98,13681.45,357.47,2.61,18,7,7,4,0
2025-01-09,Thu,14603.53,14050.26,-553.27,3.94,18,8,7,5,0
2025-01-10,Fri,19769.30,18547.54,-1221.76,6.59,18,9,9,5,0
2025-01-11,Sat,20855.80,20416.89,-438.91,2.15,18,10,10,6,0
2025-01-12,Sun,18529.10,17341.87,-1187.24,6.85,18,9,10,5,0
2025-01-13,Mon,13677.11,12796.04,-881.07,6.89,18,6,7,4,0
2025-01-14,Tue,13042.58,12018.10,-1024.48,8.52,12,5,6,5,0
2025-01-15,Wed,12692.09,11030.53,-1661.56,15.06,18,5,6,3,0
2025-01-16,Thu,14821.17,13479.91,-1341.26,9.95,18,6,7,4,0
2025-01-17,Fri,20316.32,18159.56,-2156.76,11.88,19,10,9,6,0
2025-01-18,Sat,20808.03,19315.74,-1492.29,7.73,18,9,8,5,0
2025-01-19,Sun,17808.60,17641.15,-167.45,0.95,19,9,9,5,0
2025-01-20,Mon,13930.75,12877.75,-1053.00,8.18,18,6,7,4,0
2025-01-21,Tue,13216.21,12594.70,-621.51,4.93,18,6,7,4,0
2025-01-22,Wed,13117.87,12495.63,-622.24,4.98,18,6,7,4,0
2025-01-23,Thu,14854.46,14798.20,-56.26,0.38,19,8,7,5,0
2025-01-24,Fri,20447.52,19213.14,-1234.38,6.42,20,8,10,5,0
2025-01-25,Sat,22494.76,20256.66,-2238.10,11.05,21,8,10,5,0
2025-01-26,Sun,18484.46,16712.32,-1772.14,10.60,16,8,8,4,0
2025-01-27,Mon,12559.11,11173.85,-1385.26,12.40,19,6,6,4,0
2025-01-28,Tue,13987.63,12650.64,-1336.99,10.57,19,7,6,5,0
2025-01-29,Wed,13585.45,12946.51,-638.94,4.94,21,5,7,4,0
2025-01-30,Thu,14598.65,14564.84,-33.81,0.23,20,6,7,4,0
2025-01-31,Fri,20832.91,18864.61,-1968.30,10.43,22,8,10,5,0
2025-02-01,Sat,22079.25,21160.79,-918.46,4.34,19,11,11,6,0
2025-02-02,Sun,18162.25,17516.15,-646.10,3.69,17,8,9,5,0
2025-02-03,Mon,12726.16,13982.29,1256.13,8.98,19,6,7,4,0
2025-02-04,Tue,13621.64,13878.32,256.68,1.85,18,6,6,4,0
2025-02-05,Wed,13947.87,13656.51,-291.36,2.13,19,6,7,4,0
2025-02-06,Thu,16199.57,14651.26,-1548.31,10.57,19,7,7,5,0
2025-02-07,Fri,21074.48,19328.98,-1745.50,9.03,19,9,9,5,0
2025-02-08,Sat,23518.66,20841.16,-2677.50,12.85,18,10,10,5,0
2025-02-09,Sun,16909.57,14917.75,-1991.82,13.35,18,8,7,5,0
2025-02-10,Mon,13464.90,12883.11,-581.79,4.52,19,8,7,4,0
2025-02-11,Tue,13720.99,12919.20,-801.79,6.21,18,6,8,4,0
2025-02-12,Wed,14080.60,13470.01,-610.59,4.53,17,6,7,3,0
2025-02-13,Thu,15088.74,15005.13,-83.61,0.56,19,7,8,4,0
2025-02-14,Fri,17667.97,20205.50,2537.53,12.56,19,11,11,6,0
2025-02-15,Sat,22201.58,22919.92,718.34,3.13,19,11,12,6,0
2025-02-16,Sun,19888.62,18565.28,-1323.34,7.13,19,10,11,6,0
2025-02-17,Mon,14275.71,13248.88,-1026.83,7.75,18,6,8,4,0
2025-02-18,Tue,13712.95,12376.28,-1336.67,10.80,18,7,6,4,0
2025-02-19,Wed,14419.87,12090.82,-2329.05,19.26,18,7,6,4,0
2025-02-20,Thu,15750.44,15533.89,-216.55,1.39,18,7,8,4,0
2025-02-21,Fri,19530.72,21185.45,1654.73,7.81,21,8,11,5,0
2025-02-22,Sat,25062.02,21500.75,-3561.27,16.56,18,10,10,5,0
2025-02-23,Sun,20759.10,18973.35,-1785.75,9.41,19,11,11,6,0
2025-02-24,Mon,13570.13,13586.60,16.48,0.12,18,6,7,4,0
2025-02-25,Tue,14387.15,13830.95,-556.20,4.02,18,6,7,4,0
2025-02-26,Wed,14294.49,14445.23,150.74,1.04,19,7,7,5,0
2025-02-27,Thu,15778.00,15340.63,-437.37,2.85,18,7,8,4,0
2025-02-28,Fri,19213.21,21535.31,2322.10,10.78,18,8,11,5,0
2025-03-01,Sat,23125.18,20437.53,-2687.65,13.15,19,10,9,6,5
2025-03-02,Sun,20745.71,19578.01,-1167.70,5.96,19,11,12,6,6
2025-03-03,Mon,9876.74,13362.56,3485.82,26.09,18,4,7,2,4
2025-03-04,Tue,14920.56,12504.89,-2415.67,19.32,17,6,7,4,4
2025-03-05,Wed,13018.54,13462.30,443.76,3.30,18,6,7,4,5
2025-03-06,Thu,15849.19,15160.30,-688.89,4.54,18,9,8,5,4
2025-03-07,Fri,17757.77,17572.12,-185.65,1.06,20,8,8,5,5
2025-03-08,Sat,22406.41,21027.78,-1378.63,6.56,18,9,11,5,5
2025-03-09,Sun,20412.86,18206.68,-2206.18,12.12,20,10,9,6,5
2025-03-09,Sun,20412.86,18206.68,-2206.18,12.12,20,10,9,6,5
2025-03-10,Mon,12974.23,12268.92,-705.31,5.75,19,6,7,4,4
2025-03-11,Tue,12813.14,12665.97,-147.17,1.16,17,4,7,3,3
2025-03-12,Wed,13785.18,12812.73,-972.45,7.59,20,7,8,5,4
2025-03-13,Thu,15671.27,14584.89,-1086.38,7.45,20,8,7,5,4
2025-03-14,Fri,19708.15,18406.61,-1301.54,7.07,21,10,11,6,6
2025-03-15,Sat,23673.72,22166.57,-1507.15,6.80,20,10,11,5,6
2025-03-16,Sun,19437.72,19253.69,-184.03,0.96,19,9,10,5,5
2025-03-17,Mon,12845.09,13045.10,200.01,1.53,19,6,7,4,4
2025-03-18,Tue,14150.21,12999.93,-1150.28,8.85,21,6,7,4,5
2025-03-19,Wed,13860.35,12906.93,-953.42,7.39,21,5,7,4,4
2025-03-20,Thu,15416.03,16039.01,622.98,3.88,20,7,8,5,4
2025-03-21,Fri,19304.40,17945.15,-1359.25,7.57,21,9,11,5,6
2025-03-22,Sat,22897.28,22489.00,-408.28,1.82,21,10,10,6,6
2025-03-23,Sun,20542.64,19530.46,-1012.18,5.18,22,8,9,5,5
2025-03-24,Mon,13448.13,12951.15,-496.98,3.84,18,5,7,3,4
2025-03-25,Tue,14149.93,13153.60,-996.33,7.57,20,7,7,4,5
2025-03-26,Wed,13597.16,11804.47,-1792.69,15.19,19,5,6,4,4
2025-03-27,Thu,15125.08,13941.61,-1183.47,8.49,20,7,7,4,4
2025-03-28,Fri,9850.05,17793.69,7943.64,44.64,20,4,9,3,4
2025-03-29,Sat,24398.78,20719.14,-3679.64,17.76,21,11,10,6,6
2025-03-30,Sun,20537.21,17736.01,-2801.20,15.79,19,9,10,5,5
2025-03-31,Mon,13294.04,13236.48,-57.56,0.43,19,6,6,2,4
2025-04-01,Tue,13903.58,13649.53,-254.05,1.86,20,7,7,3,4
2025-04-02,Wed,14525.64,13028.67,-1496.97,11.49,21,7,6,2,4
2025-04-03,Thu,15647.63,15765.61,117.98,0.75,22,5,8,2,5
2025-04-04,Fri,21374.89,18664.02,-2710.87,14.52,21,10,10,2,6
2025-04-05,Sat,23408.99,21327.49,-2081.50,9.76,20,11,11,3,5
2025-04-06,Sun,18981.58,17713.88,-1267.70,7.16,19,8,9,3,5
2025-04-07,Mon,12695.39,11819.06,-876.33,7.41,21,6,7,2,5
2025-04-08,Tue,13442.28,12815.02,-627.26,4.89,19,5,7,2,4
2025-04-09,Wed,14122.30,13872.53,-249.76,1.80,19,7,8,2,4
2025-04-10,Thu,15087.18,14106.87,-980.31,6.95,21,7,7,2,4
2025-04-11,Fri,16939.21,18492.05,1552.84,8.40,21,7,10,2,5
2025-04-12,Sat,22886.86,21987.46,-899.40,4.09,20,10,10,3,6
2025-04-13,Sun,19212.11,18824.63,-387.48,2.06,20,10,10,3,5
2025-04-14,Mon,12818.87,12805.65,-13.22,0.10,13,4,6,2,4
2025-04-15,Tue,14478.00,13068.76,-1409.24,10.78,21,8,6,3,4
2025-04-16,Wed,13228.12,14048.65,820.53,5.84,20,6,8,2,5
2025-04-17,Thu,14699.74,16770.20,2070.46,12.35,0,5,9,2,5
2025-04-18,Fri,0.00,0.00,0.00,0.00,19,0,0,0,0
2025-04-19,Sat,21433.68,24564.08,3130.40,12.74,22,8,13,3,6
2025-04-20,Sun,18648.96,17157.02,-1491.94,8.70,21,8,9,5,5
2025-04-21,Mon,12178.51,11330.05,-848.46,7.49,19,6,5,2,3
2025-04-22,Tue,13802.32,13040.88,-761.44,5.84,21,7,7,2,4
2025-04-23,Wed,13141.91,13581.52,439.61,3.24,14,4,9,2,3
2025-04-24,Thu,15374.08,17128.81,1754.73,10.24,20,7,8,3,5
2025-04-25,Fri,20576.47,19749.93,-826.54,4.19,19,8,11,3,6
2025-04-26,Sat,21751.23,20520.78,-1230.45,6.00,20,10,9,3,6
2025-04-27,Sun,19465.42,17426.29,-2039.13,11.70,19,9,9,3,5
2025-04-28,Mon,12930.48,11865.53,-1064.95,8.98,21,7,6,2,4
2025-04-29,Tue,13533.43,12531.78,-1001.65,7.99,21,6,7,2,4
2025-04-30,Wed,13393.97,13036.04,-357.93,2.75,21,6,8,2,5
2025-05-01,Thu,15216.69,14820.08,-396.61,2.68,19,6,8,2,5
2025-05-02,Fri,21605.29,20431.68,-1173.61,5.74,21,11,10,4,6
2025-05-03,Sat,21790.92,19575.40,-2215.52,11.32,21,7,9,3,6
2025-05-04,Sun,22007.48,18964.35,-3043.13,16.05,15,9,9,2,5
2025-05-05,Mon,20165.79,13655.97,-6509.82,47.67,18,9,7,2,4
2025-05-06,Tue,14328.89,12202.73,-2126.16,17.42,20,7,6,2,4
2025-05-07,Wed,14044.79,13479.81,-564.98,4.19,21,6,6,3,4
2025-05-08,Thu,15351.13,14483.81,-867.32,5.99,12,5,7,2,5
2025-05-09,Fri,20660.23,19528.19,-1132.04,5.80,21,10,9,3,5
2025-05-10,Sat,21812.97,20842.91,-970.06,4.65,21,10,11,3,6
2025-05-11,Sun,16779.04,17942.84,1163.80,6.49,21,8,8,2,4
2025-05-12,Mon,12314.83,12074.75,-240.08,1.99,22,5,6,2,4
2025-05-13,Tue,13073.08,11775.55,-1297.53,11.02,20,6,6,2,4
2025-05-14,Wed,13448.20,12073.24,-1374.96,11.39,20,6,6,2,4
2025-05-15,Thu,14894.41,13175.64,-1718.77,13.05,12,5,6,2,4
2025-05-16,Fri,20576.02,18655.05,-1920.97,10.30,21,10,9,3,6
2025-05-17,Sat,22566.29,19110.08,-3456.21,18.09,21,10,9,3,5
2025-05-18,Sun,18942.98,16946.45,-1996.53,11.78,20,8,8,3,4
2025-05-19,Mon,12247.17,10962.17,-1285.00,11.72,21,6,5,2,3
2025-05-20,Tue,13646.53,12045.32,-1601.21,13.29,21,6,6,2,4
2025-05-21,Wed,13588.72,12547.58,-1041.14,8.30,20,7,6,2,4
2025-05-22,Thu,15028.40,14622.45,-405.95,2.78,20,7,8,2,4
2025-05-23,Fri,20750.46,19515.14,-1235.32,6.33,21,11,9,3,5
2025-05-24,Sat,22622.50,20026.78,-2595.72,12.96,21,9,10,3,5
2025-05-25,Sun,17946.79,17223.94,-722.85,4.20,22,8,8,3,5
2025-05-26,Mon,15266.91,13437.52,-1829.39,13.61,20,8,8,2,4
2025-05-27,Tue,12481.13,11760.30,-720.83,6.13,21,6,6,2,4
2025-05-28,Wed,13746.23,11282.91,-2463.32,21.83,19,5,6,2,4
2025-05-29,Thu,14664.18,13411.71,-1252.48,9.34,22,5,7,2,4
2025-05-30,Fri,20847.71,19459.20,-1388.51,7.14,20,10,11,3,5
2025-05-31,Sat,22720.29,21714.16,-1006.13,4.63,21,9,11,3,6
2025-06-01,Sun,20194.72,19191.56,-1003.16,5.23,19,8,9,3,4
2025-06-02,Mon,13396.76,12619.81,-776.95,6.16,22,5,6,2,4
2025-06-03,Tue,12911.37,13067.36,155.99,1.19,21,7,6,3,4
2025-06-04,Wed,13931.20,12232.71,-1698.49,13.88,19,7,7,2,4
2025-06-05,Thu,15975.91,15248.18,-727.73,4.77,19,6,8,3,4
2025-06-06,Fri,20522.07,19525.27,-996.80,5.11,21,10,12,3,6
2025-06-07,Sat,21971.91,18927.36,-3044.55,16.09,21,9,9,3,5
2025-06-08,Sun,18776.13,16755.65,-2020.48,12.06,20,8,9,3,5
2025-06-09,Mon,12871.41,11565.82,-1305.59,11.29,20,6,6,2,4
2025-06-10,Tue,13663.91,11904.96,-1758.95,14.77,20,6,6,2,3
2025-06-11,Wed,13283.18,12810.25,-472.93,3.69,21,7,7,3,4
2025-06-12,Thu,15321.61,14313.76,-1007.85,7.04,22,6,7,2,5
2025-06-13,Fri,21080.83,18843.44,-2237.39,11.87,22,10,10,3,5
2025-06-14,Sat,21799.47,18816.58,-2982.89,15.85,22,9,10,3,5
2025-06-15,Sun,15243.67,15308.09,64.42,0.42,21,6,8,2,5
2025-06-16,Mon,12099.86,10776.00,-1323.86,12.29,22,6,6,2,4
2025-06-17,Tue,13057.51,11832.22,-1225.29,10.36,21,6,6,2,4
2025-06-18,Wed,13709.32,12545.83,-1163.49,9.27,21,8,8,3,5
2025-06-19,Thu,15053.42,12810.74,-2242.68,17.51,21,7,6,3,4
2025-06-20,Fri,20173.59,16925.50,-3248.09,19.19,21,11,10,3,6
2025-06-21,Sat,23004.64,19828.64,-3176.00,16.02,22,9,10,3,6
2025-06-22,Sun,19572.57,16606.92,-2965.65,17.86,21,10,7,3,4
2025-06-23,Mon,13473.77,11235.99,-2237.78,19.92,22,6,6,3,4
2025-06-24,Tue,14610.39,11521.53,-3088.85,26.81,20,6,6,2,4
2025-06-25,Wed,14975.14,11927.94,-3047.20,25.55,19,5,6,2,4
2025-06-26,Thu,16799.91,13472.05,-3327.86,24.70,21,8,7,3,4
2025-06-27,Fri,21946.29,18887.73,-3058.56,16.19,20,9,9,3,5
2025-06-28,Sat,22434.67,17728.90,-4705.77,26.54,22,9,9,3,5
2025-06-29,Sun,19293.31,16888.11,-2405.20,14.24,21,10,8,3,5
2025-06-30,Mon,15024.74,12024.01,-3000.73,24.96,21,8,6,3,4
2025-07-01,Tue,14544.13,13676.77,-867.36,6.34,21,7,7,2,4
2025-07-02,Wed,16637.32,13522.64,-3114.68,23.03,21,8,7,2,4
2025-07-03,Thu,15939.96,17858.98,1919.02,10.75,23,8,10,2,6
2025-07-04,Fri,18616.91,13533.65,-5083.26,37.56,22,8,6,2,3
2025-07-05,Sat,21324.15,17533.32,-3790.83,21.62,22,9,10,3,5
2025-07-06,Sun,19436.08,16161.43,-3274.65,20.26,19,9,7,2,4
2025-07-07,Mon,13442.02,13009.98,-432.04,3.32,21,7,7,3,4
2025-07-08,Tue,14196.24,12783.13,-1413.11,11.05,22,7,6,3,4
2025-07-09,Wed,14065.58,12218.56,-1847.02,15.12,21,8,7,3,4
2025-07-10,Thu,15659.06,14001.48,-1657.58,11.84,20,8,7,2,4
2025-07-11,Fri,21212.32,18756.29,-2456.03,13.09,21,10,9,3,5
2025-07-12,Sat,23107.19,19817.20,-3289.99,16.60,21,10,10,3,6
2025-07-13,Sun,19089.64,16958.08,-2131.56,12.57,17,7,8,2,4
2025-07-14,Mon,13306.96,10734.21,-2572.75,23.97,13,5,5,2,3
2025-07-15,Tue,14419.56,11710.04,-2709.52,23.14,18,5,6,2,4
2025-07-16,Wed,13225.62,12773.61,-452.01,3.54,20,6,7,3,4
2025-07-17,Thu,16830.94,14528.72,-2302.22,15.85,21,8,7,3,4
2025-07-18,Fri,21393.73,19255.51,-2138.22,11.10,21,11,10,3,6
2025-07-19,Sat,22887.36,19164.07,-3723.29,19.43,23,9,9,3,5
2025-07-20,Sun,19660.90,17399.16,-2261.74,13.00,21,9,10,3,5
2025-07-21,Mon,13805.34,11669.63,-2135.71,18.30,20,6,6,2,4
2025-07-22,Tue,14301.52,11871.52,-2430.00,20.47,20,7,6,3,4
2025-07-23,Wed,15058.00,11247.47,-3810.53,33.88,21,8,7,2,4
2025-07-24,Thu,16486.26,15359.38,-1126.88,7.34,22,8,6,3,4
2025-07-25,Fri,21867.45,18854.59,-3012.86,15.98,22,11,10,3,6
2025-07-26,Sat,22078.07,18128.89,-3949.18,21.78,22,9,9,3,5
2025-07-27,Sun,20604.08,16790.91,-3813.17,22.71,21,11,8,4,5
2025-07-28,Mon,13102.97,10726.33,-2376.64,22.16,22,6,6,2,3
2025-07-29,Tue,13859.18,11264.21,-2594.97,23.04,22,6,6,2,4
2025-07-30,Wed,14719.59,13072.23,-1647.36,12.60,20,7,7,2,4
2025-07-31,Thu,16895.91,15335.59,-1560.32,10.17,21,9,7,3,4
2025-08-01,Fri,21492.22,18544.90,-2947.32,15.89,21,11,11,3,6
2025-08-02,Sat,23847.99,20851.28,-2996.71,14.37,21,11,10,4,6
2025-08-03,Sun,20823.59,20048.42,-775.17,3.87,18,7,9,2,5
2025-08-04,Mon,14041.45,12266.45,-1775.00,14.47,21,7,7,3,4
2025-08-05,Tue,14620.01,13814.73,-805.28,5.83,21,7,7,2,4
2025-08-06,Wed,14941.39,11957.54,-2983.85,24.95,12,5,6,2,4
2025-08-07,Thu,16048.32,15677.60,-370.72,2.36,21,7,8,3,5
2025-08-08,Fri,22680.02,20568.68,-2111.34,10.26,21,11,10,3,6
2025-08-09,Sat,22938.88,20992.20,-1946.68,9.27,21,10,10,3,6
2025-08-10,Sun,20565.40,17077.32,-3488.08,20.43,21,9,9,3,5
2025-08-11,Mon,13450.21,11818.30,-1631.91,13.81,20,6,5,2,4
2025-08-12,Tue,14621.60,12909.03,-1712.57,13.27,12,6,8,2,4
2025-08-13,Wed,12800.21,11645.45,-1154.76,9.92,21,6,6,2,4
2025-08-14,Thu,14255.01,13359.16,-895.85,6.71,19,5,7,2,4
2025-08-15,Fri,20540.68,17684.90,-2855.78,16.15,21,11,9,3,6
2025-08-16,Sat,23027.43,19036.77,-3990.66,20.96,21,11,9,3,6
2025-08-17,Sun,18475.51,16909.62,-1565.90,9.26,20,10,9,2,5
2025-08-18,Mon,12303.28,11498.54,-804.74,7.00,22,5,6,2,4
2025-08-19,Tue,13671.11,11393.15,-2277.96,19.99,20,5,6,2,4
2025-08-20,Wed,13536.95,11953.28,-1583.67,13.25,21,6,7,2,4
2025-08-21,Thu,15179.56,14783.31,-396.25,2.68,21,6,7,2,4
2025-08-22,Fri,20832.01,18274.08,-2557.93,14.00,20,9,8,3,5
2025-08-23,Sat,22792.23,19712.64,-3079.59,15.62,20,10,10,3,6
2025-08-24,Sun,19295.87,18620.77,-675.10,3.63,20,9,10,3,5
2025-08-25,Mon,13120.36,12100.31,-1020.05,8.43,21,6,7,2,4
2025-08-26,Tue,14726.11,11418.53,-3307.58,28.97,19,6,6,2,3
2025-08-27,Wed,14021.92,13093.95,-927.97,7.09,21,6,8,3,4
2025-08-28,Thu,16336.50,16040.64,-295.86,1.84,20,9,9,3,5
2025-08-29,Fri,22157.61,19029.72,-3127.89,16.44,20,11,9,4,5
2025-08-30,Sat,22695.39,18991.89,-3703.50,19.50,20,10,10,3,5
2025-08-31,Sun,19872.68,17877.16,-1995.52,11.16,20,10,9,3,5
2025-09-01,Mon,14693.28,15528.17,834.89,5.38,19,7,9,2,4
2025-09-02,Tue,13345.17,11886.49,-1458.68,12.27,18,5,6,2,4
2025-09-03,Wed,13821.28,13370.59,-450.69,3.37,20,7,7,2,4
2025-09-04,Thu,15420.99,14544.59,-876.40,6.03,20,6,7,2,4
2025-09-05,Fri,18339.94,18823.09,483.15,2.57,19,7,10,2,5
2025-09-06,Sat,22637.78,21726.50,-911.28,4.19,20,11,11,2,6
2025-09-07,Sun,20695.89,18169.99,-2525.90,13.90,20,11,9,3,5
2025-09-08,Mon,12771.30,12188.13,-583.17,4.78,20,6,7,2,4
2025-09-09,Tue,13926.40,12241.11,-1685.29,13.77,19,6,6,2,4
2025-09-10,Wed,13909.86,11968.27,-1941.59,16.22,21,6,6,2,4
2025-09-11,Thu,15453.64,14952.05,-501.59,3.35,21,6,8,3,5
2025-09-12,Fri,22293.07,18614.62,-3678.45,19.76,20,10,9,3,5
2025-09-13,Sat,23033.73,18450.79,-4582.94,24.84,19,9,8,3,5
2025-09-14,Sun,21477.88,19827.69,-1650.19,8.32,19,12,10,3,6
2025-09-15,Mon,12609.97,12392.10,-217.87,1.76,20,5,6,2,4
2025-09-16,Tue,14578.84,13390.89,-1187.95,8.87,18,6,7,2,4
2025-09-17,Wed,12787.64,11852.76,-934.88,7.89,19,7,7,2,4
2025-09-18,Thu,15216.16,13159.91,-2056.25,15.63,22,6,6,2,4
2025-09-19,Fri,20934.40,19631.71,-1302.69,6.64,21,10,11,3,6
2025-09-20,Sat,22720.99,19250.70,-3470.29,18.03,20,10,9,3,5
2025-09-21,Sun,19720.74,18224.12,-1496.62,8.21,19,10,10,3,5
2025-09-22,Mon,12880.36,11142.38,-1737.99,15.60,20,6,5,2,4
2025-09-23,Tue,13707.06,12965.54,-741.52,5.72,18,6,8,2,4
2025-09-24,Wed,12983.36,13291.46,308.10,2.32,20,6,7,2,4
2025-09-25,Thu,15174.74,14987.21,-187.53,1.25,19,7,7,2,5
2025-09-26,Fri,20179.45,17325.94,-2853.51,16.47,19,10,9,3,5
2025-09-27,Sat,22184.81,19619.67,-2565.14,13.07,21,8,8,3,4
2025-09-28,Sun,19319.07,17178.19,-2140.88,12.46,19,12,10,3,5
2025-09-29,Mon,12899.04,10276.23,-2622.81,25.52,19,7,6,2,4
2025-09-30,Tue,14360.87,11806.51,-2554.36,21.64,20,6,6,3,4
2025-10-01,Wed,14206.07,12768.36,-1437.71,11.26,21,6,6,2,4
2025-10-02,Thu,15919.72,14452.28,-1467.44,10.15,19,8,8,2,4
2025-10-03,Fri,21428.87,19621.87,-1807.00,9.21,20,9,9,3,6
2025-10-04,Sat,19915.79,22767.64,2851.85,12.53,19,9,11,3,6
2025-10-05,Sun,19122.05,18219.01,-903.04,4.96,18,9,11,3,5
2025-10-06,Mon,13440.55,11011.45,-2429.09,22.06,20,6,6,2,4
2025-10-07,Tue,13282.49,12219.06,-1063.43,8.70,19,8,7,3,4
2025-10-08,Wed,13606.22,12677.88,-928.34,7.32,20,6,6,2,4
2025-10-09,Thu,16288.49,14535.24,-1753.25,12.06,20,7,7,2,4
2025-10-10,Fri,20750.69,20343.58,-407.11,2.00,19,9,11,3,6
2025-10-11,Sat,22703.49,19279.84,-3423.65,17.76,20,9,9,3,5
2025-10-12,Sun,18616.16,17618.90,-997.26,5.66,19,10,10,3,6
2025-10-13,Mon,12382.85,11268.26,-1114.59,9.89,20,6,7,2,5
2025-10-14,Tue,13118.96,12477.45,-641.51,5.14,18,5,6,2,4
2025-10-15,Wed,13732.86,12004.85,-1728.01,14.39,19,7,6,2,5
2025-10-16,Thu,15814.17,13403.28,-2410.89,17.99,19,7,6,3,4
2025-10-17,Fri,21463.17,21974.48,511.31,2.33,21,10,10,3,6
2025-10-18,Sat,20761.20,21422.63,661.43,3.09,21,7,8,2,5
2025-10-19,Sun,19705.88,17243.29,-2462.59,14.28,19,10,10,3,5
2025-10-20,Mon,12885.74,11229.57,-1656.17,14.75,19,7,8,2,4
2025-10-21,Tue,13259.50,12874.26,-385.24,2.99,18,6,7,3,4
2025-10-22,Wed,13470.58,13046.50,-424.08,3.25,18,6,7,2,4
2025-10-23,Thu,16128.95,13927.49,-2201.46,15.81,20,7,7,2,5
2025-10-24,Fri,21516.67,21491.68,-24.99,0.12,19,10,12,3,6
2025-10-25,Sat,23339.06,20052.93,-3286.13,16.39,18,9,9,3,5
2025-10-26,Sun,20057.13,18266.44,-1790.69,9.80,19,11,10,4,6
2025-10-27,Mon,13450.19,11329.17,-2121.02,18.72,18,6,6,2,4
2025-10-28,Tue,15682.13,12498.25,-3183.88,25.47,18,7,8,3,5
2025-10-29,Wed,13729.48,13397.96,-331.52,2.47,19,7,7,3,4
2025-10-30,Thu,18550.26,15277.21,-3273.05,21.42,21,10,7,2,4
2025-10-31,Fri,23364.39,23623.14,258.75,1.10,21,16,13,3,7
2025-11-01,Sat,22862.41,20183.85,-2678.56,13.27,1,9,10,3,6
2025-11-03,Mon,12974.26,12551.80,-422.46,3.37,19,6,7,2,4
2025-11-04,Tue,14132.21,12507.19,-1625.02,12.99,12,6,6,2,4
2025-11-05,Wed,13933.69,13654.74,-278.95,2.04,18,7,8,2,5
2025-11-06,Thu,16008.22,14197.13,-1811.09,12.76,18,9,7,3,4
2025-11-07,Fri,20989.12,21169.05,179.93,0.85,18,9,11,3,5
2025-11-08,Sat,22314.55,19977.88,-2336.67,11.70,17,8,9,3,5
2025-11-09,Sun,19813.76,18377.10,-1436.66,7.82,18,10,11,3,5
2025-11-10,Mon,13915.94,13455.80,-460.14,3.42,18,6,7,2,4
2025-11-11,Tue,14014.24,12332.50,-1681.74,13.64,19,7,6,2,4
2025-11-12,Wed,13556.66,13099.56,-457.10,3.49,18,7,7,3,4
2025-11-13,Thu,15354.30,13434.25,-1920.05,14.29,20,7,8,3,5
2025-11-14,Fri,21917.88,18510.38,-3407.50,18.41,19,8,10,3,6
2025-11-15,Sat,23077.85,19786.62,-3291.24,16.63,18,10,11,3,7
2025-11-16,Sun,19866.64,18035.20,-1831.44,10.15,18,10,10,3,5
2025-11-17,Mon,14422.53,13974.26,-448.27,3.21,18,7,7,3,5
2025-11-18,Tue,13916.63,13728.60,-188.03,1.37,17,6,7,2,5
2025-11-19,Wed,16488.58,12654.64,-3833.94,30.30,20,7,7,3,4
2025-11-20,Thu,11003.01,15924.50,4921.49,30.91,22,4,9,1,4
2025-11-21,Fri,18678.97,20032.44,1353.47,6.76,18,8,10,3,6
2025-11-22,Sat,19063.58,22082.82,3019.24,13.67,17,9,11,3,6
2025-11-23,Sun,20011.81,19803.46,-208.35,1.05,17,11,11,3,5
2025-11-24,Mon,13533.39,12086.49,-1446.90,11.97,20,6,7,2,4
2025-11-25,Tue,15054.83,14663.47,-391.36,2.67,18,7,8,3,5
2025-11-26,Wed,16275.65,17601.57,1325.92,7.53,19,6,10,2,5
2025-11-27,Thu,6372.15,4772.31,-1599.84,33.52,13,6,6,1,4
2025-11-28,Fri,18966.66,14301.74,-4664.92,32.62,17,8,7,3,4
2025-11-29,Sat,23594.95,21266.86,-2328.09,10.95,17,9,10,3,5
2025-11-30,Sun,19414.16,18317.43,-1096.73,5.99,18,11,13,3,6
2025-12-01,Mon,13352.94,12584.54,-768.40,6.11,19,7,6,2,4
2025-12-02,Tue,14404.65,13231.54,-1173.11,8.87,18,7,7,2,5
2025-12-03,Wed,14477.58,13100.46,-1377.12,10.51,19,8,8,2,4
2025-12-04,Thu,15621.78,15027.77,-594.01,3.95,19,8,8,3,4
2025-12-05,Fri,23051.07,21394.58,-1656.49,7.74,19,10,10,3,5
2025-12-06,Sat,23922.99,22017.03,-1905.96,8.66,19,9,10,3,6
2025-12-07,Sun,20515.56,20744.60,229.04,1.10,18,10,11,3,6
2025-12-08,Mon,11761.01,13075.65,1314.64,10.05,20,5,6,2,4
2025-12-09,Tue,15287.86,12812.03,-2475.83,19.32,18,7,8,3,4
2025-12-10,Wed,14753.95,14176.47,-577.48,4.07,19,8,8,3,4
2025-12-11,Thu,17091.86,15531.38,-1560.48,10.05,20,8,7,3,4
2025-12-12,Fri,20607.78,21534.04,926.26,4.30,17,6,10,2,6
2025-12-13,Sat,22487.17,22134.23,-352.94,1.59,18,10,12,3,6
2025-12-14,Sun,20639.93,19163.43,-1476.50,7.70,18,12,10,3,5
2025-12-15,Mon,14412.11,13135.84,-1276.27,9.72,17,6,7,2,4
2025-12-16,Tue,14789.57,14015.63,-773.94,5.52,18,7,7,3,4
2025-12-17,Wed,15228.56,14394.67,-833.89,5.79,19,8,7,3,4
2025-12-18,Thu,18211.01,16767.68,-1443.33,8.61,19,9,9,3,5
2025-12-19,Fri,22406.94,22597.60,190.66,0.84,19,10,10,3,6
2025-12-20,Sat,19970.66,22340.38,2369.72,10.61,17,7,10,2,5
2025-12-21,Sun,15357.95,21482.10,6124.15,28.51,17,7,11,1,6
2025-12-22,Mon,12302.15,16525.88,4223.73,25.56,18,7,8,1,5
2025-12-23,Tue,21284.48,18787.22,-2497.26,13.29,18,10,10,3,6
2025-12-24,Wed,5842.38,6415.41,573.03,8.93,14,5,8,1,4
2025-12-25,Thu,0.00,0.00,0.00,0.00,19,0,0,0,0
2025-12-26,Fri,20001.40,17085.81,-2915.58,17.06,18,9,9,3,4
2025-12-27,Sat,18618.55,20368.01,1749.46,8.59,18,8,11,2,5
2025-12-28,Sun,15183.71,19406.42,4222.71,21.76,18,7,12,1,6
2025-12-29,Mon,15950.34,14357.98,-1592.36,11.09,18,8,8,3,5
2025-12-30,Tue,18507.86,16271.55,-2236.31,13.74,19,8,8,3,4
2025-12-31,Wed,5809.12,6472.74,663.62,10.25,15,6,9,2,4
2026-01-01,Thu,17244.01,17432.85,188.84,1.08,18,9,10,3,5
2026-01-02,Fri,19551.55,18865.70,-685.85,3.64,17,6,9,2,5
2026-01-03,Sat,21224.02,19462.32,-1761.70,9.05,19,9,9,3,5
2026-01-04,Sun,17883.05,19173.72,1290.67,6.73,18,10,11,3,6
2026-01-05,Mon,12906.19,13388.96,482.77,3.61,18,6,7,2,4
2026-01-06,Tue,13305.06,12686.77,-618.29,4.87,18,6,7,2,4
2026-01-07,Wed,13463.92,13129.92,-334.00,2.54,18,7,8,2,5
2026-01-08,Thu,14359.04,14961.42,602.38,4.03,20,6,9,2,5
2026-01-09,Fri,19069.00,19930.65,861.65,4.32,19,8,10,3,5
2026-01-10,Sat,20342.08,20612.78,270.70,1.31,18,10,11,3,6
2026-01-11,Sun,17862.89,18029.74,166.85,0.93,18,10,10,3,5
2026-01-12,Mon,13403.36,11737.18,-1666.18,14.20,18,7,6,2,4
2026-01-13,Tue,12514.76,12019.62,-495.14,4.12,19,5,7,2,4
2026-01-14,Wed,11838.17,13231.86,1393.69,10.53,19,5,7,2,4
2026-01-15,Thu,14268.36,13556.62,-711.74,5.25,19,7,8,3,5
2026-01-16,Fri,19231.54,16929.86,-2301.68,13.60,19,10,8,3,5
2026-01-17,Sat,20063.87,19188.98,-874.89,4.56,19,9,10,3,6
2026-01-18,Sun,17611.45,18895.76,1284.31,6.80,17,8,10,2,5
2026-01-19,Mon,13444.22,12931.10,-513.12,3.97,19,6,7,2,4
2026-01-20,Tue,12888.39,11180.22,-1708.17,15.28,20,5,7,2,4
2026-01-21,Wed,12780.03,11546.72,-1233.31,10.68,12,6,6,2,4
2026-01-22,Thu,14948.98,13216.79,-1732.19,13.11,21,6,7,2,4
2026-01-23,Fri,19808.08,18294.25,-1513.83,8.27,20,9,10,2,6
2026-01-24,Sat,21336.77,18419.29,-2917.48,15.84,17,8,8,3,4
2026-01-25,Sun,17583.83,17128.53,-455.30,2.66,18,9,8,3,5
2026-01-26,Mon,11845.70,11211.19,-634.51,5.66,12,4,5,2,4
