"","Item Code","Description","Par","Unit","Comment","Week 1","Week 2","Week 3","Week 4"
"1","BCLCO","Coca-Cola (Coke) Classic, 5 gal Bag in a Box","0.00","EACH","","/","/","/","/"
"2","BDICO","Diet Coke, 5 gal Bag in a Box","0.00","EACH","","/","/","/","/"
"3","BMMLE","Minute Maid Lemonade, 5 gal Bag in a Box","0.00","EACH","","/","/","/","/"
"4","BMMOR","Fanta Orange, 5 gal Bag in a Box","0.00","EACH","","/","/","/","/"
"5","BSPRI","Sprite, 5 gal Bag in a Box","0.00","EACH","","/","/","/","/"
"6","BRATE","Fuze Raspberry Iced Tea, 5 gal Bag in a Box","0.00","EACH","","/","/","/","/"
"7","BSTRA","Fanta Strawberry, 5 gal Bag in a Box","0.00","EACH","","/","/","/","/"
"8","BZECO","Coca-Cola - Coke Zero Sugar, 5 gal Bag in a Box","0.00","EACH","","/","/","/","/"
"9","10WRTO","KingSeal - Birch Wood Toothpicks, Plain Cello Wrapped, 12/1000 count","1.00","12CS","","/","/","/","/"
"10","412W","Solo - Cup, 12 oz White Single Sided Poly Paper Hot Cup, 1000 count","0.00","CS","","/","/","/","/"
"11","12PR","Primo - Water Cup, 12 oz Clear PP, 1000 count","1.00","CS","","/","/","/","/"
"12","2BT1000","Toilet Tissue Rolls, 2-Ply Jumbo Super Soft 9""","1.00","CS","","/","/","/","/"
"13","GR800","Allied West - Optima Hardwound Roll Towels, 7.9""x800' White","2.00","CS","","/","/","/","/"
"14","2HOHA","Cup Carrier with Handle, 2 Hole","3.00","CS","","/","/","/","/"
"15","4HOHADO","Cup Carry Out Tray with Handle, Holds 4 Drinks","0.00","CS","","/","/","/","/"
"16","501GE","Dispenser Napkins, 1-Ply White, Tall-Fold 7x13.5""","4.00","CS","","/","/","/","/"
"17","DX900GE","Dispenser Napkin, 2-Ply White Interfold 24/250","5.00","CS","","/","/","/","/"
"18","MUFO","Platinum II Multifold Towels, 2-Ply White","0.00","CS","","/","/","/","/"
"19","EL1025RED","El Gavilan - Straw, 10.25"" Wrapped, 24/300 count","0.00","24CS","","/","/","/","/"
"20","1175YLPR","Primo - Wrapped Straw, 11.75"" Yellow, 6/300 count","0.00","CS","","/","/","/","/"
"21","6STIR","Unwrapped Stirrer, Sip & Stir Cocktail, 6.75"" Red/White Striped","0.00","10CS","","/","/","/","/"
"22","721PR","Primo - Foil Sheets, 12x10.75, 6/500 count","1.00","6CS","","/","/","/","/"
"23","78","Chix Pro-Quat Fresh Guy Towels, Heavy Duty Red 12.5x17","2.00","CS","","/","/","/","/"
"24","8R","Solo - Cup, 8 oz White Paper Cone/Water Refill","0.00","CS","","/","/","/","/"
"25","CPLUG-OR","StixToGo - Hot Beverage Plug, Orange Plastic Circle","1.00","CS","","/","/","/","/"
"26","CRCOMA","Nestle - Coffee-Mate Original Creamer","0.00","CS","","/","/","/","/"
"27","EL1254","El Gavilan - Wax Paper, 14x14, 4/1000 count","0.00","CS","","/","/","/","/"
"28","EL4LID","El Gavilan - Flat Lid for 4 oz PP Container, 1000 count","4.00","CS","","/","/","/","/"
"29","EL4OZ","El Gavilan - Cup, 4 oz Paper, 1000 count","8.00","CS","","/","/","/","/"
"30","EL8LID","El Gavilan - Flat Lid for 8 oz PP Container, 1000 count","0.00","CS","","/","/","/","/"
"31","EL8OZ","El Gavilan - Cup, 8 oz Paper, 1000 count","0.00","CS","","/","/","/","/"
"32","ELDP22","El Gavilan - Cup, 22 oz Paper, 1000 count","4.00","CS","","/","/","/","/"
"33","ELDP32","El Gavilan - Cup, 32 oz Paper, 500 count","4.00","CS","","/","/","/","/"
"34","ELSDR16","El Gavilan - Cup, 16 oz Hot, 600 count","3.00","CS","","/","/","/","/"
"35","L16KRT","Primo - Cold Cup Slot Flat Lid, Fits 12-24 oz, 1000 count","3.00","CS","","/","/","/","/"
"36","L32KRT","Cold Cup Slot Flat Lid, Fits 32 oz, 600 count","4.00","CS","","/","/","/","/"
"37","HL1020PR","Primo - Sipper Dome Lid, Fits 10-20 oz Paper Hot Cup, White Plastic, 1000 count","2.00","CS","HOT CUP LID","/","/","/","/"
"38","ELGBEVTO","El Gavilan - Beverage Tote, 96 oz, 25 count","0.00","CS","","/","/","/","/"
"39","ELLAS2G","El Gavilan - Bag, 21x19+10 Seal2Go, 250 count","1.00","CS","","/","/","/","/"
"40","ELMES2G","El Gavilan - Bag, 15x16+7 Seal2Go, 500 count","1.00","CS","","/","/","/","/"
"41","EL1CS2G","El Gavilan - Bag, 7x15+2.5 Seal2Go, 500 count","3.00","CS","","/","/","/","/"
"42","EL2CS2G","El Gavilan - Bag, 14x15+2.5 Seal2Go, 250 count","0.00","CS","","/","/","/","/"
"43","ELTSBALA","El Gavilan - Bag, 12x6x19 Plastic, 2000 count","2.00","CS","","/","/","/","/"
"44","EP9PR","Primo - MFPP Plate, 9"" 3/COMP Ivory, 500 count","0.00","CS","","/","/","/","/"
"45","BG6IN","Primo Earth - Plate, 6"" Round Bagasse, 1000 count","0.00","CS","","/","/","/","/"
"46","HEFO","Fork, Heavy White PP Plastic","2.00","CS","","/","/","/","/"
"47","HEKN","Knife, Heavy White PP Plastic","0.00","CS","","/","/","/","/"
"48","HESP","Spoon, Heavy White PP Plastic","1.00","CS","","/","/","/","/"
"49","WRHEFOBL","Fork, Wrapped Black Plastic, Extra Heavy","0.00","CS","","/","/","/","/"
"50","WRHESPBL","Spoon, Wrapped Black Plastic, Extra Heavy","3.00","CS","","/","/","/","/"
"51","UP918PR","Primo - Food Container, 16 oz Round Black Base with Clear Lid, 150 count","0.00","CS","","/","/","/","/"
"52","981BLKB","Container, 9x8 Black Base with 1 Compartment, 300 count","0.00","CS","","/","/","/","/"
"53","983BLKB","Container, 9x8 Black Base with 3 Compartments, 300 count","0.00","CS","","/","/","/","/"
"54","981LID","Lid for 9x8 Black Base 1 Compartment, 300 count","0.00","CS","","/","/","/","/"
"55","983LID","Lid for 9x8 Black Base 3 Compartment, 300 count","0.00","CS","","/","/","/","/"
"56","77PB","Poly Bag, Low Density Flip Top 7x7","1.00","CS","","/","/","/","/"
"57","PCNDLI","Liquid Creamer","2.00","CS","","/","/","/","/"
"58","PCSALT","Diamond Crystal - Salt Packets, 3000 count","1.00","CS","","/","/","/","/"
"59","PCSPDA","Splenda Packets, 2000 count","0.00","CS","","/","/","/","/"
"60","PCSUIN500","Sugar in the Raw Packets","0.00","CS","","/","/","/","/"
"61","PFLAVI","Vinyl Gloves, Powder Free, Large Clear, 10/100","1.00","10CS","","/","/","/","/"
"62","PFMEVI","Vinyl Gloves, Powder Free, Medium Clear, 10/100","1.00","10CS","","/","/","/","/"
"63","PFXLVI","Vinyl Gloves, Powder Free, XL Clear, 10/100","1.00","10CS","","/","/","/","/"
"64","PFLAVIBLK","Vinyl Gloves, Powder Free, Large Black, 10/100","0.00","10CS","","/","/","/","/"
"65","LDGLGE","Poly Gloves, Medium/Large Clear, 10/500","0.00","10CS","","/","/","/","/"
"66","RC1124","Primo - Steam Table Pan, 1/3 Size Deep, 12.53x6.5 Aluminum, 200 count","0.00","CS","","/","/","/","/"
"67","RC1150","Primo - Steam Table Pan, Half Size Deep, 12.75x10.375 x 2.5 Aluminum, 100 count","0.00","CS","","/","/","/","/"
"68","RC1174","Primo - Steam Table Pan, Full Size Deep, 20.75x 12.8 x 3 Aluminum, 50 count","0.00","CS","","/","/","/","/"
"69","709DO","Primo - Aluminum Container Dome Lid, 9"" Round Clear Plastic, 500 count","0.00","CS","","/","/","/","/"
"70","RC478","Primo - Aluminum Container, 9"" Round, 500 count","0.00","CS","","/","/","/","/"
"71","RL940","Primo - Steam Table Pan Lid, 1/3 Size Aluminum, 200 count","0.00","CS","","/","/","/","/"
"72","RL970","Primo - Steam Table Pan Lid, Half Size Aluminum, 100 count","0.00","CS","","/","/","/","/"
"73","RL990","Primo - Steam Table Pan Lid, Full Size Aluminum, 50 count","0.00","CS","","/","/","/","/"
"74","10SPOON","Serving Spoon, 10"" Black Plastic, 144 count","0.00","CS","","/","/","/","/"
"75","TSCO","Toilet Seat Covers, 20/250","0.00","20CS","","/","/","/","/"
"76","IC5GLIDI","Infinite Chemical - Super Green Pot n Pan Warewash Hand Detergent, 5 gal","1.00","PAIL","","/","/","/","/"
"77","IC5SANI","Infinite Chemical - Sani-10% Quat Ammonium Disinfectant and Sanitizer, 5 gal","0.00","PAIL","","/","/","/","/"
"78","3BLEA","Restaurants Pride - Bleach","0.00","3CS","","/","/","/","/"
"79","IC4FLCL","Infinite Chemical - Enzyme Floor Cleaner, 4/1 gal","1.00","4CS","","/","/","/","/"
"80","IC4DEGR","Infinite Chemical - Degreaser, 4/1 gal","0.00","4CS","","/","/","/","/"
"81","IC4DESC","Infinite Chemical - Lime Scale Cleaner, 4/1 gal","0.00","4CS","","/","/","/","/"
"82","IC4DICL","Infinite Chemical - Sani-Clean Disinfectant, Lemon Scent, Red, 4/1 gal","0.00","4CS","","/","/","/","/"
"83","IC4OVGR","Infinite Chemical - Oven and Grill Cleaner, 4/1 gal","0.00","4CS","","/","/","/","/"
"84","QT10","Hydrion Sanitizer (Quat) Test Paper Roll","0.00","PKG","","/","/","/","/"
"85","POURSC","Urinal Deodorizer Screen, Red, Spiced Apple Scent","0.00","BOX","","/","/","/","/"
"86","AEASFR","Aerosol Fruit Scents, 7 oz Assorted","0.00","CS","","/","/","/","/"
"87","AEDISP","Misty Aerosol Dispenser","0.00","EA","","/","/","/","/"